Feature,Sales,Profit,Quantity,Discount
Sales,1.0,0.479064349737707,0.2007947713738974,-0.02819012415753553
Profit,0.479064349737707,1.0,0.06625318912428486,-0.21948745637176803
Quantity,0.2007947713738974,0.06625318912428486,1.0,0.008622970271156362
Discount,-0.02819012415753553,-0.21948745637176803,0.008622970271156362,1.0
